unit_id,tr_id,source_splits,has_schedule,synthetic
663271,116445,test|train|validate,False,False
664030,115106,test|train|validate,False,False
666753,120439,test|train|validate,False,False
668372,119145,test|train|validate,False,False
786201,122658,test|train|validate,True,False
794446,116057,test|train|validate,False,False
815631,124423,test|train|validate,False,False
890371,129803,test|train|validate,False,False
893159,122048,test|train|validate,True,False
894032,129964,test|train|validate,True,False
896671,130072,test|train|validate,True,False
902577,130238,test|train|validate,True,False
910085,130389,test|train|validate,False,False
913870,122613,test|train|validate,True,False
914839,130460,test|train|validate,False,False
979637,130576,test|train|validate,False,False
984922,131542,test|train|validate,False,False
985940,131672,test|train|validate,True,False
987268,131954,test|train|validate,False,False
987380,131993,test|train|validate,False,False
1012706,132430,test|train|validate,True,False
1076894,133300,test|train|validate,True,False
1099984,133957,test|train|validate,True,False
1105498,134040,test|train|validate,True,False
1112060,118726,test|train|validate,False,False
1118231,134494,test|train|validate,True,False
1120670,134585,test|train|validate,False,False
1133091,135081,test|train|validate,True,False
1155033,135511,test|train|validate,False,False
1174091,136887,test|train|validate,False,False
9000000,9000000,train,True,True
9000001,9000001,train,True,True
9000002,9000002,train,True,True
9000003,9000003,train,True,True
9000004,9000004,train,True,True
9000005,9000005,train,True,True
9000006,9000006,train,True,True
9000007,9000007,train,True,True
9000008,9000008,train,True,True
9000009,9000009,train,True,True
9000010,9000010,train,True,True
9000011,9000011,train,True,True
9000012,9000012,train,True,True
9000013,9000013,train,True,True
9000014,9000014,train,True,True
9000015,9000015,train,True,True
9000016,9000016,train,True,True
9000017,9000017,train,True,True
9000018,9000018,train,True,True
9000019,9000019,train,True,True
9000020,9000020,train,True,True
9000021,9000021,train,True,True
9000022,9000022,train,True,True
9000023,9000023,train,True,True
9000024,9000024,train,True,True
9000025,9000025,train,True,True
