"packet_id","tr_id","unit_id","event_time","device_event_id","location_valid","gps_time","lon","lat","alt","speed","heading","receive_time","is_hist_data"
"-5517330596522472571","132430","1012706","2026-01-06 06:28:00.000000","0","True","2026-01-06 06:28:00.000000","37.439846","55.562016","174.0","18","38.0","2026-01-06 06:28:01.000000","False"
"-5517330596503808325","133300","1076894","2026-01-06 06:28:00.000000","0","True","2026-01-06 06:28:00.000000","37.439045","55.730335","156.0","8","82.0","2026-01-06 06:28:01.000000","False"
"-5517330596533348241","133957","1099984","2026-01-06 06:28:00.000000","0","True","2026-01-06 06:28:00.000000","37.523663","55.63358","246.0","22","113.0","2026-01-06 06:28:01.000000","False"
"-5517330596514046536","134040","1105498","2026-01-06 06:28:00.000000","0","True","2026-01-06 06:28:00.000000","37.448547","55.709415","141.0","16","98.0","2026-01-06 06:28:01.000000","False"
"-5517330596499858942","135081","1133091","2026-01-06 06:28:00.000000","0","True","2026-01-06 06:28:00.000000","37.729485","55.647327","127.0","20","333.0","2026-01-06 06:28:01.000000","False"
"-5517330596522469915","132430","1012706","2026-01-06 06:28:10.000000","0","True","2026-01-06 06:28:10.000000","37.440376","55.562366","175.0","18","38.0","2026-01-06 06:28:11.000000","False"
"-5517330596503812792","133300","1076894","2026-01-06 06:28:10.000000","0","True","2026-01-06 06:28:10.000000","37.43748","55.730392","158.0","9","116.0","2026-01-06 06:28:11.000000","False"
"-5517330596533351102","133957","1099984","2026-01-06 06:28:10.000000","0","True","2026-01-06 06:28:10.000000","37.522686","55.633823","245.0","22","111.0","2026-01-06 06:28:11.000000","False"
"-5517330596514047918","134040","1105498","2026-01-06 06:28:10.000000","0","True","2026-01-06 06:28:10.000000","37.448338","55.709427","140.0","16","93.0","2026-01-06 06:28:11.000000","False"
"-5517330596499853281","135081","1133091","2026-01-06 06:28:10.000000","0","True","2026-01-06 06:28:10.000000","37.727264","55.647335","126.0","20","266.0","2026-01-06 06:28:11.000000","False"
"-5517330596522467207","132430","1012706","2026-01-06 06:28:20.000000","0","True","2026-01-06 06:28:20.000000","37.44095","55.562763","175.0","18","40.0","2026-01-06 06:28:21.000000","False"
"-5517330596503803942","133300","1076894","2026-01-06 06:28:20.000000","0","True","2026-01-06 06:28:20.000000","37.441116","55.730488","153.0","10","82.0","2026-01-06 06:28:21.000000","False"
"-5517330596533353839","133957","1099984","2026-01-06 06:28:20.000000","0","True","2026-01-06 06:28:20.000000","37.52218","55.633938","245.0","22","108.0","2026-01-06 06:28:21.000000","False"
"-5517330596514054734","134040","1105498","2026-01-06 06:28:20.000000","0","True","2026-01-06 06:28:20.000000","37.447033","55.709656","140.0","16","127.0","2026-01-06 06:28:21.000000","False"
"-5517330596499847644","135081","1133091","2026-01-06 06:28:20.000000","0","True","2026-01-06 06:28:20.000000","37.726818","55.647865","128.0","20","358.0","2026-01-06 06:28:21.000000","False"
"-5517330596522465609","132430","1012706","2026-01-06 06:28:30.000000","0","True","2026-01-06 06:28:30.000000","37.441025","55.562817","175.0","18","39.0","2026-01-06 06:28:31.000000","False"
"-5517330596503801195","133300","1076894","2026-01-06 06:28:30.000000","0","True","2026-01-06 06:28:30.000000","37.44256","55.7306","152.0","11","82.0","2026-01-06 06:28:31.000000","False"
"-5517330596533355377","133957","1099984","2026-01-06 06:28:30.000000","0","True","2026-01-06 06:28:30.000000","37.522057","55.633965","246.0","22","104.0","2026-01-06 06:28:31.000000","False"
"-5517330596514063331","134040","1105498","2026-01-06 06:28:30.000000","0","True","2026-01-06 06:28:30.000000","37.44598","55.710155","139.0","16","154.0","2026-01-06 06:28:31.000000","False"
"-5517330596499845038","135081","1133091","2026-01-06 06:28:30.000000","0","True","2026-01-06 06:28:30.000000","37.72679","55.648094","0.0","20","0.0","2026-01-06 06:28:31.000000","False"
"-5517330596522448136","132430","1012706","2026-01-06 06:28:40.000000","0","True","2026-01-06 06:28:40.000000","37.44104","55.562828","175.0","18","39.0","2026-01-06 06:28:41.000000","False"
"-5517330596503815369","133300","1076894","2026-01-06 06:28:40.000000","0","True","2026-01-06 06:28:40.000000","37.43689","55.730648","160.0","12","139.0","2026-01-06 06:28:41.000000","False"
"-5517330596533357304","133957","1099984","2026-01-06 06:28:40.000000","0","True","2026-01-06 06:28:40.000000","37.521954","55.633972","247.0","22","104.0","2026-01-06 06:28:41.000000","False"
"-5517330596514070892","134040","1105498","2026-01-06 06:28:40.000000","0","True","2026-01-06 06:28:40.000000","37.4456","55.710453","139.0","16","137.0","2026-01-06 06:28:41.000000","False"
"-5517330596499841984","135081","1133091","2026-01-06 06:28:40.000000","0","True","2026-01-06 06:28:40.000000","37.726803","55.648155","127.0","20","3.0","2026-01-06 06:28:41.000000","False"
"-5517330596522464539","132430","1012706","2026-01-06 06:28:50.000000","0","True","2026-01-06 06:28:50.000000","37.441044","55.562828","0.0","18","0.0","2026-01-06 06:28:51.000000","False"
"-5517330596503817131","133300","1076894","2026-01-06 06:28:50.000000","0","True","2026-01-06 06:28:50.000000","37.436783","55.73072","159.0","8","140.0","2026-01-06 06:28:51.000000","False"
"-5517330596533359398","133957","1099984","2026-01-06 06:28:50.000000","0","True","2026-01-06 06:28:50.000000","37.521744","55.633995","248.0","22","105.0","2026-01-06 06:28:51.000000","False"
"-5517330596514073674","134040","1105498","2026-01-06 06:28:50.000000","0","True","2026-01-06 06:28:50.000000","37.44553","55.71049","140.0","16","138.0","2026-01-06 06:28:51.000000","False"
"-5517330596499836311","135081","1133091","2026-01-06 06:28:50.000000","0","True","2026-01-06 06:28:50.000000","37.72671","55.649338","124.0","20","358.0","2026-01-06 06:28:51.000000","False"
"-5517330596522447939","132430","1012706","2026-01-06 06:29:00.000000","0","True","2026-01-06 06:29:00.000000","37.441135","55.5629","175.0","18","35.0","2026-01-06 06:29:01.000000","False"
"-5517330596503795463","133300","1076894","2026-01-06 06:29:00.000000","0","True","2026-01-06 06:29:00.000000","37.445152","55.730785","149.0","9","79.0","2026-01-06 06:29:01.000000","False"
"-5517330596533363167","133957","1099984","2026-01-06 06:29:00.000000","0","True","2026-01-06 06:29:00.000000","37.52144","55.634056","0.0","22","0.0","2026-01-06 06:29:01.000000","False"
"-5517330596514083828","134040","1105498","2026-01-06 06:29:00.000000","0","True","2026-01-06 06:29:00.000000","37.44528","55.710644","140.0","16","146.0","2026-01-06 06:29:01.000000","False"
"-5517330596499831202","135081","1133091","2026-01-06 06:29:00.000000","0","True","2026-01-06 06:29:00.000000","37.72667","55.65046","125.0","20","353.0","2026-01-06 06:29:01.000000","False"
"-5517330596522447819","132430","1012706","2026-01-06 06:29:10.000000","0","True","2026-01-06 06:29:10.000000","37.441246","55.56298","175.0","18","35.0","2026-01-06 06:29:11.000000","False"
"-5517330596503792713","133300","1076894","2026-01-06 06:29:10.000000","0","True","2026-01-06 06:29:10.000000","37.445972","55.730892","146.0","10","74.0","2026-01-06 06:29:11.000000","False"
"-5517330596533365131","133957","1099984","2026-01-06 06:29:10.000000","0","True","2026-01-06 06:29:10.000000","37.52123","55.634098","249.0","22","115.0","2026-01-06 06:29:11.000000","False"
"-5517330596514087313","134040","1105498","2026-01-06 06:29:10.000000","0","True","2026-01-06 06:29:10.000000","37.445286","55.71065","0.0","16","0.0","2026-01-06 06:29:11.000000","False"
"-5517330596499830660","135081","1133091","2026-01-06 06:29:10.000000","0","True","2026-01-06 06:29:10.000000","37.726696","55.650482","125.0","20","347.0","2026-01-06 06:29:11.000000","False"
"-5517330596522447708","132430","1012706","2026-01-06 06:29:20.000000","0","True","2026-01-06 06:29:20.000000","37.44155","55.563225","176.0","18","37.0","2026-01-06 06:29:21.000000","False"
"-5517330596503822480","133300","1076894","2026-01-06 06:29:20.000000","0","True","2026-01-06 06:29:20.000000","37.436497","55.731007","160.0","11","161.0","2026-01-06 06:29:21.000000","False"
"-5517330596533370812","133957","1099984","2026-01-06 06:29:20.000000","0","True","2026-01-06 06:29:20.000000","37.520107","55.63437","250.0","22","113.0","2026-01-06 06:29:21.000000","False"
"-5517330596514094259","134040","1105498","2026-01-06 06:29:20.000000","0","True","2026-01-06 06:29:20.000000","37.44487","55.710888","138.0","16","137.0","2026-01-06 06:29:21.000000","False"
"-5517330596499829928","135081","1133091","2026-01-06 06:29:20.000000","0","True","2026-01-06 06:29:20.000000","37.726643","55.65051","0.0","20","0.0","2026-01-06 06:29:21.000000","False"
"-5517330596522447558","132430","1012706","2026-01-06 06:29:30.000000","0","True","2026-01-06 06:29:30.000000","37.441998","55.563515","176.0","18","39.0","2026-01-06 06:29:31.000000","False"
"-5517330596503788355","133300","1076894","2026-01-06 06:29:30.000000","0","True","2026-01-06 06:29:30.000000","37.44814","55.731277","148.0","12","65.0","2026-01-06 06:29:31.000000","False"
"-5517330596533387925","133957","1099984","2026-01-06 06:29:30.000000","0","True","2026-01-06 06:29:30.000000","37.520054","55.63438","250.0","22","108.0","2026-01-06 06:29:31.000000","False"
"-5517330596514100997","134040","1105498","2026-01-06 06:29:30.000000","0","True","2026-01-06 06:29:30.000000","37.4439","55.71136","145.0","16","96.0","2026-01-06 06:29:31.000000","False"
"-5517330596499824963","135081","1133091","2026-01-06 06:29:30.000000","0","True","2026-01-06 06:29:30.000000","37.726627","55.650555","125.0","20","352.0","2026-01-06 06:29:31.000000","False"
"-5517330596522447423","132430","1012706","2026-01-06 06:29:40.000000","0","True","2026-01-06 06:29:40.000000","37.442764","55.564064","176.0","18","38.0","2026-01-06 06:29:41.000000","False"
"-5517330596503829748","133300","1076894","2026-01-06 06:29:40.000000","0","True","2026-01-06 06:29:40.000000","37.436092","55.73192","168.0","8","172.0","2026-01-06 06:29:41.000000","False"
"-5517330596533393647","133957","1099984","2026-01-06 06:29:40.000000","0","True","2026-01-06 06:29:40.000000","37.51999","55.634388","250.0","22","105.0","2026-01-06 06:29:41.000000","False"
"-5517330596514114599","134040","1105498","2026-01-06 06:29:40.000000","0","True","2026-01-06 06:29:40.000000","37.442837","55.711475","145.0","16","103.0","2026-01-06 06:29:41.000000","False"
"-5517330596499819131","135081","1133091","2026-01-06 06:29:40.000000","0","True","2026-01-06 06:29:40.000000","37.72656","55.651413","123.0","20","1.0","2026-01-06 06:29:41.000000","False"
"-5517330596522447297","132430","1012706","2026-01-06 06:29:50.000000","0","True","2026-01-06 06:29:50.000000","37.443054","55.564262","176.0","18","38.0","2026-01-06 06:29:51.000000","False"
"-5517330596503830594","133300","1076894","2026-01-06 06:29:50.000000","0","True","2026-01-06 06:29:50.000000","37.436047","55.732082","169.0","9","173.0","2026-01-06 06:29:51.000000","False"
"-5517330596533401079","133957","1099984","2026-01-06 06:29:50.000000","0","True","2026-01-06 06:29:50.000000","37.519215","55.63455","0.0","22","0.0","2026-01-06 06:29:51.000000","False"
"-5517330596514115032","134040","1105498","2026-01-06 06:29:50.000000","0","True","2026-01-06 06:29:50.000000","37.4427","55.711487","145.0","16","98.0","2026-01-06 06:29:51.000000","False"
"-5517330596499813313","135081","1133091","2026-01-06 06:29:50.000000","0","True","2026-01-06 06:29:50.000000","37.726566","55.651417","122.0","20","1.0","2026-01-06 06:29:51.000000","False"
"-5517330596522448179","132430","1012706","2026-01-06 06:30:00.000000","0","True","2026-01-06 06:30:00.000000","37.443333","55.56444","176.0","18","39.0","2026-01-06 06:30:01.000000","False"
"-5517330596503783172","133300","1076894","2026-01-06 06:30:00.000000","0","True","2026-01-06 06:30:00.000000","37.45068","55.732117","145.0","10","59.0","2026-01-06 06:30:01.000000","False"
"-5517330596533405038","133957","1099984","2026-01-06 06:30:00.000000","0","True","2026-01-06 06:30:00.000000","37.518955","55.634605","250.0","22","114.0","2026-01-06 06:30:01.000000","False"
"-5517330596514137578","134040","1105498","2026-01-06 06:30:00.000000","0","True","2026-01-06 06:30:00.000000","37.440647","55.711628","0.0","16","0.0","2026-01-06 06:30:01.000000","False"
"-5517330596499809793","135081","1133091","2026-01-06 06:30:00.000000","0","True","2026-01-06 06:30:00.000000","37.72655","55.651623","123.0","20","343.0","2026-01-06 06:30:01.000000","False"
"-5517330596522398020","132430","1012706","2026-01-06 06:30:10.000000","0","True","2026-01-06 06:30:10.000000","37.45243","55.565","178.0","18","109.0","2026-01-06 06:30:11.000000","False"
"-5517330596503778290","133300","1076894","2026-01-06 06:30:10.000000","0","True","2026-01-06 06:30:10.000000","37.452908","55.73291","143.0","11","58.0","2026-01-06 06:30:11.000000","False"
"-5517330596533410849","133957","1099984","2026-01-06 06:30:10.000000","0","True","2026-01-06 06:30:10.000000","37.517956","55.63485","249.0","22","117.0","2026-01-06 06:30:11.000000","False"
"-5517330596514140125","134040","1105498","2026-01-06 06:30:10.000000","0","True","2026-01-06 06:30:10.000000","37.440685","55.711647","147.0","16","92.0","2026-01-06 06:30:11.000000","False"
"-5517330596499807490","135081","1133091","2026-01-06 06:30:10.000000","0","True","2026-01-06 06:30:10.000000","37.72571","55.651783","123.0","20","271.0","2026-01-06 06:30:11.000000","False"
"-5517330596522398108","132430","1012706","2026-01-06 06:30:20.000000","0","True","2026-01-06 06:30:20.000000","37.452305","55.56505","178.0","18","135.0","2026-01-06 06:30:21.000000","False"
"-5517330596503836987","133300","1076894","2026-01-06 06:30:20.000000","0","True","2026-01-06 06:30:20.000000","37.435932","55.733307","167.0","12","178.0","2026-01-06 06:30:21.000000","False"
"-5517330596533416549","133957","1099984","2026-01-06 06:30:20.000000","0","True","2026-01-06 06:30:20.000000","37.51633","55.635277","246.0","22","117.0","2026-01-06 06:30:21.000000","False"
"-5517330596514123152","134040","1105498","2026-01-06 06:30:20.000000","0","True","2026-01-06 06:30:20.000000","37.441227","55.711655","146.0","16","92.0","2026-01-06 06:30:21.000000","False"
"-5517330596499802216","135081","1133091","2026-01-06 06:30:20.000000","0","True","2026-01-06 06:30:20.000000","37.723335","55.652237","121.0","20","307.0","2026-01-06 06:30:21.000000","False"
"-5517330596522396657","132430","1012706","2026-01-06 06:30:30.000000","0","True","2026-01-06 06:30:30.000000","37.452736","55.56516","0.0","18","0.0","2026-01-06 06:30:31.000000","False"
"-5517330596503844098","133300","1076894","2026-01-06 06:30:30.000000","0","True","2026-01-06 06:30:30.000000","37.435085","55.73362","163.0","8","92.0","2026-01-06 06:30:31.000000","False"
"-5517330596533422990","133957","1099984","2026-01-06 06:30:30.000000","0","True","2026-01-06 06:30:30.000000","37.515064","55.635742","243.0","22","116.0","2026-01-06 06:30:31.000000","False"
"-5517330596514135387","134040","1105498","2026-01-06 06:30:30.000000","0","True","2026-01-06 06:30:30.000000","37.44053","55.711662","147.0","16","259.0","2026-01-06 06:30:31.000000","False"
"-5517330596499796582","135081","1133091","2026-01-06 06:30:30.000000","0","True","2026-01-06 06:30:30.000000","37.72154","55.653088","125.0","20","308.0","2026-01-06 06:30:31.000000","False"
"-5517330596522442928","132430","1012706","2026-01-06 06:30:40.000000","0","True","2026-01-06 06:30:40.000000","37.444546","55.565224","177.0","18","41.0","2026-01-06 06:30:41.000000","False"
"-5517330596503773363","133300","1076894","2026-01-06 06:30:40.000000","0","True","2026-01-06 06:30:40.000000","37.45516","55.733658","141.0","9","63.0","2026-01-06 06:30:41.000000","False"
"-5517330596533427948","133957","1099984","2026-01-06 06:30:40.000000","0","True","2026-01-06 06:30:40.000000","37.515003","55.635765","243.0","22","119.0","2026-01-06 06:30:41.000000","False"
"-5517330596514131206","134040","1105498","2026-01-06 06:30:40.000000","0","True","2026-01-06 06:30:40.000000","37.440582","55.711662","148.0","16","86.0","2026-01-06 06:30:41.000000","False"
"-5517330596499790922","135081","1133091","2026-01-06 06:30:40.000000","0","True","2026-01-06 06:30:40.000000","37.72189","55.65356","126.0","20","37.0","2026-01-06 06:30:41.000000","False"
"-5517330596522442117","132430","1012706","2026-01-06 06:30:50.000000","0","True","2026-01-06 06:30:50.000000","37.44467","55.565304","177.0","18","40.0","2026-01-06 06:30:51.000000","False"
"-5517330596503851225","133300","1076894","2026-01-06 06:30:50.000000","0","True","2026-01-06 06:30:50.000000","37.43242","55.733665","161.0","10","89.0","2026-01-06 06:30:51.000000","False"
"-5517330596533433694","133957","1099984","2026-01-06 06:30:50.000000","0","True","2026-01-06 06:30:50.000000","37.51377","55.636223","241.0","22","123.0","2026-01-06 06:30:51.000000","False"
"-5517330596514148039","134040","1105498","2026-01-06 06:30:50.000000","0","True","2026-01-06 06:30:50.000000","37.439583","55.71171","146.0","16","96.0","2026-01-06 06:30:51.000000","False"
"-5517330596499790906","135081","1133091","2026-01-06 06:30:50.000000","0","True","2026-01-06 06:30:50.000000","37.72191","55.65357","126.0","20","37.0","2026-01-06 06:30:51.000000","False"
"-5517330596522434397","132430","1012706","2026-01-06 06:31:00.000000","0","True","2026-01-06 06:31:00.000000","37.44476","55.565365","177.0","18","38.0","2026-01-06 06:31:01.000000","False"
"-5517330596503858412","133300","1076894","2026-01-06 06:31:00.000000","0","True","2026-01-06 06:31:00.000000","37.43074","55.733685","163.0","11","90.0","2026-01-06 06:31:01.000000","False"
"-5517330596533439571","133957","1099984","2026-01-06 06:31:00.000000","0","True","2026-01-06 06:31:00.000000","37.512505","55.636696","239.0","22","121.0","2026-01-06 06:31:01.000000","False"
"-5517330596514154310","134040","1105498","2026-01-06 06:31:00.000000","0","True","2026-01-06 06:31:00.000000","37.438038","55.711823","145.0","0","101.0","2026-01-06 06:31:01.000000","False"
"-5517330596499785255","135081","1133091","2026-01-06 06:31:00.000000","0","True","2026-01-06 06:31:00.000000","37.722176","55.653774","126.0","20","36.0","2026-01-06 06:31:01.000000","False"
"-5517330596522440445","132430","1012706","2026-01-06 06:31:10.000000","0","True","2026-01-06 06:31:10.000000","37.444756","55.56537","0.0","18","0.0","2026-01-06 06:31:11.000000","False"
"-5517330596503865211","133300","1076894","2026-01-06 06:31:10.000000","0","True","2026-01-06 06:31:10.000000","37.42811","55.733704","164.0","12","91.0","2026-01-06 06:31:11.000000","False"
"-5517330596533441564","133957","1099984","2026-01-06 06:31:10.000000","0","True","2026-01-06 06:31:10.000000","37.51209","55.636837","238.0","22","120.0","2026-01-06 06:31:11.000000","False"
"-5517330596514154565","134040","1105498","2026-01-06 06:31:10.000000","0","True","2026-01-06 06:31:10.000000","37.438038","55.711823","0.0","0","0.0","2026-01-06 06:31:11.000000","False"
"-5517330596499779624","135081","1133091","2026-01-06 06:31:10.000000","0","True","2026-01-06 06:31:10.000000","37.723377","55.654625","127.0","20","38.0","2026-01-06 06:31:11.000000","False"
"-5517330596522394286","132430","1012706","2026-01-06 06:31:20.000000","0","True","2026-01-06 06:31:20.000000","37.45302","55.565376","177.0","0","37.0","2026-01-06 06:31:21.000000","False"
"-5517330596503868620","133300","1076894","2026-01-06 06:31:20.000000","0","True","2026-01-06 06:31:20.000000","37.426952","55.733715","163.0","8","90.0","2026-01-06 06:31:21.000000","False"
"-5517330596533445282","133957","1099984","2026-01-06 06:31:20.000000","0","True","2026-01-06 06:31:20.000000","37.511925","55.63692","237.0","22","132.0","2026-01-06 06:31:21.000000","False"
"-5517330596514156067","134040","1105498","2026-01-06 06:31:20.000000","0","True","2026-01-06 06:31:20.000000","37.438038","55.711823","144.0","0","91.0","2026-01-06 06:31:21.000000","False"
"-5517330596499777418","135081","1133091","2026-01-06 06:31:20.000000","0","True","2026-01-06 06:31:20.000000","37.72407","55.65513","127.0","20","37.0","2026-01-06 06:31:21.000000","False"
"-5517330596522431892","132430","1012706","2026-01-06 06:31:30.000000","0","True","2026-01-06 06:31:30.000000","37.45302","55.565376","177.0","0","35.0","2026-01-06 06:31:31.000000","False"
"-5517330596503768616","133300","1076894","2026-01-06 06:31:30.000000","0","True","2026-01-06 06:31:30.000000","37.457615","55.734272","141.0","9","65.0","2026-01-06 06:31:31.000000","False"
"-5517330596533451062","133957","1099984","2026-01-06 06:31:30.000000","0","True","2026-01-06 06:31:30.000000","37.51064","55.637478","235.0","22","124.0","2026-01-06 06:31:31.000000","False"
"-5517330596514156938","134040","1105498","2026-01-06 06:31:30.000000","0","True","2026-01-06 06:31:30.000000","37.438038","55.711823","144.0","0","98.0","2026-01-06 06:31:31.000000","False"
"-5517330596499774160","135081","1133091","2026-01-06 06:31:30.000000","0","True","2026-01-06 06:31:30.000000","37.724133","55.655193","126.0","20","40.0","2026-01-06 06:31:31.000000","False"
"-5517330596522393613","132430","1012706","2026-01-06 06:31:40.000000","0","True","2026-01-06 06:31:40.000000","37.45302","55.565376","177.0","0","36.0","2026-01-06 06:31:41.000000","False"
"-5517330596503763879","133300","1076894","2026-01-06 06:31:40.000000","0","True","2026-01-06 06:31:40.000000","37.459934","55.734802","140.0","10","67.0","2026-01-06 06:31:41.000000","False"
"-5517330596533456828","133957","1099984","2026-01-06 06:31:40.000000","0","True","2026-01-06 06:31:40.000000","37.50863","55.638245","231.0","22","124.0","2026-01-06 06:31:41.000000","False"
"-5517330596514163947","134040","1105498","2026-01-06 06:31:40.000000","0","True","2026-01-06 06:31:40.000000","37.438038","55.711823","144.0","0","104.0","2026-01-06 06:31:41.000000","False"
"-5517330596499775940","135081","1133091","2026-01-06 06:31:40.000000","0","True","2026-01-06 06:31:40.000000","37.724148","55.6552","0.0","20","0.0","2026-01-06 06:31:41.000000","False"
"-5517330596522409751","132430","1012706","2026-01-06 06:31:50.000000","0","True","2026-01-06 06:31:50.000000","37.45302","55.565376","180.0","0","120.0","2026-01-06 06:31:51.000000","False"
"-5517330596503756818","133300","1076894","2026-01-06 06:31:50.000000","0","True","2026-01-06 06:31:50.000000","37.461258","55.735115","140.0","11","69.0","2026-01-06 06:31:51.000000","False"
"-5517330596533462615","133957","1099984","2026-01-06 06:31:50.000000","0","True","2026-01-06 06:31:50.000000","37.507675","55.63861","228.0","22","127.0","2026-01-06 06:31:51.000000","False"
"-5517330596514171849","134040","1105498","2026-01-06 06:31:50.000000","0","True","2026-01-06 06:31:50.000000","37.438038","55.711823","139.0","0","111.0","2026-01-06 06:31:51.000000","False"
"-5517330596499768627","135081","1133091","2026-01-06 06:31:50.000000","0","True","2026-01-06 06:31:50.000000","37.725952","55.656013","127.0","20","54.0","2026-01-06 06:31:51.000000","False"
"-5517330596522429189","132430","1012706","2026-01-06 06:32:00.000000","0","True","2026-01-06 06:32:00.000000","37.45302","55.565376","178.0","0","40.0","2026-01-06 06:32:01.000000","False"
"-5517330596503752696","133300","1076894","2026-01-06 06:32:00.000000","0","True","2026-01-06 06:32:00.000000","37.4613","55.735123","140.0","12","69.0","2026-01-06 06:32:01.000000","False"
"-5517330596533464466","133957","1099984","2026-01-06 06:32:00.000000","0","True","2026-01-06 06:32:00.000000","37.507187","55.63884","225.0","22","124.0","2026-01-06 06:32:01.000000","False"
"-5517330596514179986","134040","1105498","2026-01-06 06:32:00.000000","0","True","2026-01-06 06:32:00.000000","37.438038","55.711823","132.0","0","111.0","2026-01-06 06:32:01.000000","False"
"-5517330596499757327","135081","1133091","2026-01-06 06:32:00.000000","0","True","2026-01-06 06:32:00.000000","37.72706","55.65648","129.0","20","53.0","2026-01-06 06:32:01.000000","False"
"-5517330596522410555","132430","1012706","2026-01-06 06:32:10.000000","0","True","2026-01-06 06:32:10.000000","37.45302","55.565376","179.0","0","118.0","2026-01-06 06:32:11.000000","False"
"-5517330596503749730","133300","1076894","2026-01-06 06:32:10.000000","0","True","2026-01-06 06:32:10.000000","37.461315","55.73513","140.0","8","69.0","2026-01-06 06:32:11.000000","False"
"-5517330596533468277","133957","1099984","2026-01-06 06:32:10.000000","0","True","2026-01-06 06:32:10.000000","37.506023","55.639282","220.0","22","123.0","2026-01-06 06:32:11.000000","False"
"-5517330596514187987","134040","1105498","2026-01-06 06:32:10.000000","0","True","2026-01-06 06:32:10.000000","37.438038","55.711823","140.0","0","109.0","2026-01-06 06:32:11.000000","False"
"-5517330596499762924","135081","1133091","2026-01-06 06:32:10.000000","0","True","2026-01-06 06:32:10.000000","37.727055","55.656487","129.0","20","53.0","2026-01-06 06:32:11.000000","False"
"-5517330596522413223","132430","1012706","2026-01-06 06:32:20.000000","0","True","2026-01-06 06:32:20.000000","37.45302","55.565376","171.0","0","102.0","2026-01-06 06:32:21.000000","False"
"-5517330596503742630","133300","1076894","2026-01-06 06:32:20.000000","0","True","2026-01-06 06:32:20.000000","37.462765","55.735474","144.0","9","66.0","2026-01-06 06:32:21.000000","False"
"-5517330596533472440","133957","1099984","2026-01-06 06:32:20.000000","0","True","2026-01-06 06:32:20.000000","37.505093","55.63965","217.0","22","123.0","2026-01-06 06:32:21.000000","False"
"-5517330596514285882","134040","1105498","2026-01-06 06:32:20.000000","0","True","2026-01-06 06:32:20.000000","37.438038","55.711823","141.0","0","118.0","2026-01-06 06:32:21.000000","False"
"-5517330596499746208","135081","1133091","2026-01-06 06:32:20.000000","0","True","2026-01-06 06:32:20.000000","37.727085","55.656677","128.0","20","296.0","2026-01-06 06:32:21.000000","False"
"-5517330596522391508","132430","1012706","2026-01-06 06:32:30.000000","0","True","2026-01-06 06:32:30.000000","37.45302","55.565376","177.0","0","36.0","2026-01-06 06:32:31.000000","False"
"-5517330596503741532","133300","1076894","2026-01-06 06:32:30.000000","0","True","2026-01-06 06:32:30.000000","37.463093","55.735554","145.0","10","64.0","2026-01-06 06:32:31.000000","False"
"-5517330596533473858","133957","1099984","2026-01-06 06:32:30.000000","0","True","2026-01-06 06:32:30.000000","37.505054","55.639675","216.0","22","129.0","2026-01-06 06:32:31.000000","False"
"-5517330596514287373","134040","1105498","2026-01-06 06:32:30.000000","0","True","2026-01-06 06:32:30.000000","37.438038","55.711823","141.0","0","153.0","2026-01-06 06:32:31.000000","False"
"-5517330596499740657","135081","1133091","2026-01-06 06:32:30.000000","0","True","2026-01-06 06:32:30.000000","37.726177","55.657005","128.0","20","324.0","2026-01-06 06:32:31.000000","False"
"-5517330596522426535","132430","1012706","2026-01-06 06:32:40.000000","0","True","2026-01-06 06:32:40.000000","37.45302","55.565376","179.0","0","39.0","2026-01-06 06:32:41.000000","False"
"-5517330596503736904","133300","1076894","2026-01-06 06:32:40.000000","0","True","2026-01-06 06:32:40.000000","37.464684","55.735954","145.0","11","65.0","2026-01-06 06:32:41.000000","False"
"-5517330596533479543","133957","1099984","2026-01-06 06:32:40.000000","0","True","2026-01-06 06:32:40.000000","37.504135","55.64009","212.0","22","123.0","2026-01-06 06:32:41.000000","False"
"-5517330596514196067","134040","1105498","2026-01-06 06:32:40.000000","0","True","2026-01-06 06:32:40.000000","37.438038","55.711823","142.0","0","107.0","2026-01-06 06:32:41.000000","False"
"-5517330596499735126","135081","1133091","2026-01-06 06:32:40.000000","0","True","2026-01-06 06:32:40.000000","37.72514","55.65747","127.0","20","312.0","2026-01-06 06:32:41.000000","False"
"-5517330596522415810","132430","1012706","2026-01-06 06:32:50.000000","0","True","2026-01-06 06:32:50.000000","37.45302","55.565376","175.0","0","95.0","2026-01-06 06:32:51.000000","False"
"-5517330596503735396","133300","1076894","2026-01-06 06:32:50.000000","0","True","2026-01-06 06:32:50.000000","37.46528","55.73611","145.0","12","65.0","2026-01-06 06:32:51.000000","False"
"-5517330596533482782","133957","1099984","2026-01-06 06:32:50.000000","0","True","2026-01-06 06:32:50.000000","37.503307","55.640434","211.0","22","120.0","2026-01-06 06:32:51.000000","False"
"-5517330596514280455","134040","1105498","2026-01-06 06:32:50.000000","0","True","2026-01-06 06:32:50.000000","37.438038","55.711823","141.0","0","65.0","2026-01-06 06:32:51.000000","False"
"-5517330596499681114","135081","1133091","2026-01-06 06:32:50.000000","0","True","2026-01-06 06:32:50.000000","37.710983","55.657665","130.0","20","266.0","2026-01-06 06:32:51.000000","False"
"-5517330596522417736","132430","1012706","2026-01-06 06:33:00.000000","0","True","2026-01-06 06:33:00.000000","37.45302","55.565376","176.0","0","96.0","2026-01-06 06:33:01.000000","False"
"-5517330596503728185","133300","1076894","2026-01-06 06:33:00.000000","0","True","2026-01-06 06:33:00.000000","37.466187","55.73648","150.0","8","70.0","2026-01-06 06:33:01.000000","False"
"-5517330596533485189","133957","1099984","2026-01-06 06:33:00.000000","0","True","2026-01-06 06:33:00.000000","37.5026","55.64071","210.0","22","123.0","2026-01-06 06:33:01.000000","False"
"-5517330596514278730","134040","1105498","2026-01-06 06:33:00.000000","0","True","2026-01-06 06:33:00.000000","37.438038","55.711823","0.0","0","0.0","2026-01-06 06:33:01.000000","False"
"-5517330596499675480","135081","1133091","2026-01-06 06:33:00.000000","0","True","2026-01-06 06:33:00.000000","37.710617","55.657753","124.0","20","314.0","2026-01-06 06:33:01.000000","False"
"-5517330596522425727","132430","1012706","2026-01-06 06:33:10.000000","0","True","2026-01-06 06:33:10.000000","37.45302","55.565376","179.0","0","55.0","2026-01-06 06:33:11.000000","False"
"-5517330596503725754","133300","1076894","2026-01-06 06:33:10.000000","0","True","2026-01-06 06:33:10.000000","37.46619","55.736485","150.0","9","70.0","2026-01-06 06:33:11.000000","False"
"-5517330596533486769","133957","1099984","2026-01-06 06:33:10.000000","0","True","2026-01-06 06:33:10.000000","37.5019","55.641037","208.0","22","124.0","2026-01-06 06:33:11.000000","False"
"-5517330596514277637","134040","1105498","2026-01-06 06:33:10.000000","0","True","2026-01-06 06:33:10.000000","37.438038","55.711823","141.0","0","69.0","2026-01-06 06:33:11.000000","False"
"-5517330596499686508","135081","1133091","2026-01-06 06:33:10.000000","0","True","2026-01-06 06:33:10.000000","37.711906","55.658092","138.0","20","209.0","2026-01-06 06:33:11.000000","False"
"-5517330596522421082","132430","1012706","2026-01-06 06:33:20.000000","0","True","2026-01-06 06:33:20.000000","37.45302","55.565376","179.0","0","95.0","2026-01-06 06:33:21.000000","False"
"-5517330596503714498","133300","1076894","2026-01-06 06:33:20.000000","0","True","2026-01-06 06:33:20.000000","37.4671","55.73669","150.0","10","67.0","2026-01-06 06:33:21.000000","False"
"-5517330596533488886","133957","1099984","2026-01-06 06:33:20.000000","0","True","2026-01-06 06:33:20.000000","37.501278","55.641323","207.0","22","124.0","2026-01-06 06:33:21.000000","False"
"-5517330596514289016","134040","1105498","2026-01-06 06:33:20.000000","0","True","2026-01-06 06:33:20.000000","37.438038","55.711823","140.0","0","190.0","2026-01-06 06:33:21.000000","False"
"-5517330596499697594","135081","1133091","2026-01-06 06:33:20.000000","0","True","2026-01-06 06:33:20.000000","37.714977","55.658253","128.0","20","261.0","2026-01-06 06:33:21.000000","False"
"-5517330596522386357","132430","1012706","2026-01-06 06:33:30.000000","0","True","2026-01-06 06:33:30.000000","37.454956","55.56685","180.0","18","36.0","2026-01-06 06:33:31.000000","False"
"-5517330596503712711","133300","1076894","2026-01-06 06:33:30.000000","0","True","2026-01-06 06:33:30.000000","37.46736","55.736755","150.0","11","66.0","2026-01-06 06:33:31.000000","False"
"-5517330596533490821","133957","1099984","2026-01-06 06:33:30.000000","0","True","2026-01-06 06:33:30.000000","37.49977","55.64164","0.0","22","0.0","2026-01-06 06:33:31.000000","False"
"-5517330596514269431","134040","1105498","2026-01-06 06:33:30.000000","0","True","2026-01-06 06:33:30.000000","37.438038","55.711823","140.0","0","62.0","2026-01-06 06:33:31.000000","False"
"-5517330596499729493","135081","1133091","2026-01-06 06:33:30.000000","0","True","2026-01-06 06:33:30.000000","37.7235","55.658432","130.0","20","314.0","2026-01-06 06:33:31.000000","False"
"-5517330596522385570","132430","1012706","2026-01-06 06:33:40.000000","0","True","2026-01-06 06:33:40.000000","37.45519","55.567028","181.0","18","36.0","2026-01-06 06:33:41.000000","False"
"-5517330596503709848","133300","1076894","2026-01-06 06:33:40.000000","0","True","2026-01-06 06:33:40.000000","37.468636","55.73702","153.0","12","66.0","2026-01-06 06:33:41.000000","False"
"-5517330596533496660","133957","1099984","2026-01-06 06:33:40.000000","0","True","2026-01-06 06:33:40.000000","37.499306","55.641754","206.0","22","135.0","2026-01-06 06:33:41.000000","False"
"-5517330596514204215","134040","1105498","2026-01-06 06:33:40.000000","0","True","2026-01-06 06:33:40.000000","37.438038","55.711823","142.0","0","109.0","2026-01-06 06:33:41.000000","False"
"-5517330596499669828","135081","1133091","2026-01-06 06:33:40.000000","0","True","2026-01-06 06:33:40.000000","37.71108","55.658535","132.0","20","18.0","2026-01-06 06:33:41.000000","False"
"-5517330596522383635","132430","1012706","2026-01-06 06:33:50.000000","0","True","2026-01-06 06:33:50.000000","37.45539","55.56718","181.0","18","36.0","2026-01-06 06:33:51.000000","False"
"-5517330596503706507","133300","1076894","2026-01-06 06:33:50.000000","0","True","2026-01-06 06:33:50.000000","37.470013","55.7373","153.0","8","66.0","2026-01-06 06:33:51.000000","False"
"-5517330596533497240","133957","1099984","2026-01-06 06:33:50.000000","0","True","2026-01-06 06:33:50.000000","37.499237","55.641792","206.0","22","152.0","2026-01-06 06:33:51.000000","False"
"-5517330596514200664","134040","1105498","2026-01-06 06:33:50.000000","0","True","2026-01-06 06:33:50.000000","37.438038","55.711823","142.0","0","109.0","2026-01-06 06:33:51.000000","False"
"-5517330596499690934","135081","1133091","2026-01-06 06:33:50.000000","0","True","2026-01-06 06:33:50.000000","37.712887","55.658592","128.0","20","291.0","2026-01-06 06:33:51.000000","False"
"-5517330596522381028","132430","1012706","2026-01-06 06:34:00.000000","0","True","2026-01-06 06:34:00.000000","37.455944","55.567577","182.0","18","37.0","2026-01-06 06:34:01.000000","False"
"-5517330596503505691","133300","1076894","2026-01-06 06:34:00.000000","0","True","2026-01-06 06:34:00.000000","37.510548","55.737484","148.0","9","82.0","2026-01-06 06:34:01.000000","False"
"-5517330596533501590","133957","1099984","2026-01-06 06:34:00.000000","0","True","2026-01-06 06:34:00.000000","37.4987","55.64201","206.0","22","122.0","2026-01-06 06:34:01.000000","False"
"-5517330596514202581","134040","1105498","2026-01-06 06:34:00.000000","0","True","2026-01-06 06:34:00.000000","37.43094","55.712997","0.0","16","0.0","2026-01-06 06:34:01.000000","False"
"-5517330596499664280","135081","1133091","2026-01-06 06:34:00.000000","0","True","2026-01-06 06:34:00.000000","37.71117","55.65883","133.0","20","341.0","2026-01-06 06:34:01.000000","False"
"-5517330596522378368","132430","1012706","2026-01-06 06:34:10.000000","0","True","2026-01-06 06:34:10.000000","37.45615","55.56773","182.0","18","36.0","2026-01-06 06:34:11.000000","False"
"-5517330596503507161","133300","1076894","2026-01-06 06:34:10.000000","0","True","2026-01-06 06:34:10.000000","37.510113","55.73749","148.0","10","102.0","2026-01-06 06:34:11.000000","False"
"-5517330596533502681","133957","1099984","2026-01-06 06:34:10.000000","0","True","2026-01-06 06:34:10.000000","37.49851","55.642075","206.0","22","123.0","2026-01-06 06:34:11.000000","False"
"-5517330596514212530","134040","1105498","2026-01-06 06:34:10.000000","0","True","2026-01-06 06:34:10.000000","37.430504","55.713024","142.0","16","120.0","2026-01-06 06:34:11.000000","False"
"-5517330596499701629","135081","1133091","2026-01-06 06:34:10.000000","0","True","2026-01-06 06:34:10.000000","37.71693","55.65894","125.0","20","231.0","2026-01-06 06:34:11.000000","False"
"-5517330596522377581","132430","1012706","2026-01-06 06:34:20.000000","0","True","2026-01-06 06:34:20.000000","37.456223","55.567787","182.0","18","36.0","2026-01-06 06:34:21.000000","False"
"-5517330596503502845","133300","1076894","2026-01-06 06:34:20.000000","0","True","2026-01-06 06:34:20.000000","37.511078","55.737556","149.0","11","78.0","2026-01-06 06:34:21.000000","False"
"-5517330596533503744","133957","1099984","2026-01-06 06:34:20.000000","0","True","2026-01-06 06:34:20.000000","37.498302","55.64215","206.0","22","126.0","2026-01-06 06:34:21.000000","False"
"-5517330596514261621","134040","1105498","2026-01-06 06:34:20.000000","0","True","2026-01-06 06:34:20.000000","37.42427","55.71313","141.0","16","63.0","2026-01-06 06:34:21.000000","False"
"-5517330596499658776","135081","1133091","2026-01-06 06:34:20.000000","0","True","2026-01-06 06:34:20.000000","37.71077","55.65929","134.0","20","16.0","2026-01-06 06:34:21.000000","False"
"-5517330596522375644","132430","1012706","2026-01-06 06:34:30.000000","0","True","2026-01-06 06:34:30.000000","37.456352","55.567886","182.0","18","36.0","2026-01-06 06:34:31.000000","False"
"-5517330596503516212","133300","1076894","2026-01-06 06:34:30.000000","0","True","2026-01-06 06:34:30.000000","37.50964","55.737587","148.0","12","112.0","2026-01-06 06:34:31.000000","False"
"-5517330596533508202","133957","1099984","2026-01-06 06:34:30.000000","0","True","2026-01-06 06:34:30.000000","37.49716","55.64267","0.0","22","0.0","2026-01-06 06:34:31.000000","False"
"-5517330596514261306","134040","1105498","2026-01-06 06:34:30.000000","0","True","2026-01-06 06:34:30.000000","37.42438","55.713165","141.0","16","65.0","2026-01-06 06:34:31.000000","False"
"-5517330596499724694","135081","1133091","2026-01-06 06:34:30.000000","0","True","2026-01-06 06:34:30.000000","37.721767","55.659492","133.0","20","313.0","2026-01-06 06:34:31.000000","False"
"-5517330596522369728","132430","1012706","2026-01-06 06:34:40.000000","0","True","2026-01-06 06:34:40.000000","37.457195","55.568523","183.0","18","36.0","2026-01-06 06:34:41.000000","False"
"-5517330596503500633","133300","1076894","2026-01-06 06:34:40.000000","0","True","2026-01-06 06:34:40.000000","37.51138","55.737595","149.0","8","79.0","2026-01-06 06:34:41.000000","False"
"-5517330596533515094","133957","1099984","2026-01-06 06:34:40.000000","0","True","2026-01-06 06:34:40.000000","37.495182","55.643417","0.0","22","0.0","2026-01-06 06:34:41.000000","False"
"-5517330596514254576","134040","1105498","2026-01-06 06:34:40.000000","0","True","2026-01-06 06:34:40.000000","37.425022","55.71337","141.0","16","61.0","2026-01-06 06:34:41.000000","False"
"-5517330596499653205","135081","1133091","2026-01-06 06:34:40.000000","0","True","2026-01-06 06:34:40.000000","37.71126","55.659695","132.0","20","34.0","2026-01-06 06:34:41.000000","False"
"-5517330596522367449","132430","1012706","2026-01-06 06:34:50.000000","0","True","2026-01-06 06:34:50.000000","37.457546","55.56878","184.0","18","36.0","2026-01-06 06:34:51.000000","False"
"-5517330596503520014","133300","1076894","2026-01-06 06:34:50.000000","0","True","2026-01-06 06:34:50.000000","37.509403","55.73766","149.0","9","114.0","2026-01-06 06:34:51.000000","False"
"-5517330596533519641","133957","1099984","2026-01-06 06:34:50.000000","0","True","2026-01-06 06:34:50.000000","37.494007","55.643795","210.0","22","124.0","2026-01-06 06:34:51.000000","False"
"-5517330596514293737","134040","1105498","2026-01-06 06:34:50.000000","0","True","2026-01-06 06:34:50.000000","37.42268","55.713375","138.0","16","183.0","2026-01-06 06:34:51.000000","False"
"-5517330596499654369","135081","1133091","2026-01-06 06:34:50.000000","0","True","2026-01-06 06:34:50.000000","37.711266","55.659695","0.0","20","0.0","2026-01-06 06:34:51.000000","False"
"-5517330596522361895","132430","1012706","2026-01-06 06:35:00.000000","0","True","2026-01-06 06:35:00.000000","37.45848","55.569496","0.0","18","0.0","2026-01-06 06:35:01.000000","False"
"-5517330596503498626","133300","1076894","2026-01-06 06:35:00.000000","0","True","2026-01-06 06:35:00.000000","37.51203","55.73767","148.0","10","76.0","2026-01-06 06:35:01.000000","False"
"-5517330596533521608","133957","1099984","2026-01-06 06:35:00.000000","0","True","2026-01-06 06:35:00.000000","37.493595","55.643982","211.0","22","121.0","2026-01-06 06:35:01.000000","False"
"-5517330596514219585","134040","1105498","2026-01-06 06:35:00.000000","0","True","2026-01-06 06:35:00.000000","37.429398","55.71341","144.0","16","121.0","2026-01-06 06:35:01.000000","False"
"-5517330596499647689","135081","1133091","2026-01-06 06:35:00.000000","0","True","2026-01-06 06:35:00.000000","37.711292","55.659714","132.0","20","35.0","2026-01-06 06:35:01.000000","False"
"-5517330596522357403","132430","1012706","2026-01-06 06:35:10.000000","0","True","2026-01-06 06:35:10.000000","37.459297","55.57011","187.0","18","37.0","2026-01-06 06:35:11.000000","False"
"-5517330596503699765","133300","1076894","2026-01-06 06:35:10.000000","0","True","2026-01-06 06:35:10.000000","37.472374","55.73787","145.0","11","65.0","2026-01-06 06:35:11.000000","False"
"-5517330596533527298","133957","1099984","2026-01-06 06:35:10.000000","0","True","2026-01-06 06:35:10.000000","37.492897","55.64419","212.0","22","175.0","2026-01-06 06:35:11.000000","False"
"-5517330596514253131","134040","1105498","2026-01-06 06:35:10.000000","0","True","2026-01-06 06:35:10.000000","37.425133","55.71343","141.0","16","53.0","2026-01-06 06:35:11.000000","False"
"-5517330596499708133","135081","1133091","2026-01-06 06:35:10.000000","0","True","2026-01-06 06:35:10.000000","37.718872","55.659866","128.0","20","233.0","2026-01-06 06:35:11.000000","False"
"-5517330596522353870","132430","1012706","2026-01-06 06:35:20.000000","0","True","2026-01-06 06:35:20.000000","37.459877","55.570488","188.0","18","36.0","2026-01-06 06:35:21.000000","False"
"-5517330596503491648","133300","1076894","2026-01-06 06:35:20.000000","0","True","2026-01-06 06:35:20.000000","37.513428","55.737984","149.0","12","68.0","2026-01-06 06:35:21.000000","False"
"-5517330596533547019","133957","1099984","2026-01-06 06:35:20.000000","0","True","2026-01-06 06:35:20.000000","37.49172","55.64472","208.0","22","157.0","2026-01-06 06:35:21.000000","False"
"-5517330596514220667","134040","1105498","2026-01-06 06:35:20.000000","0","True","2026-01-06 06:35:20.000000","37.429253","55.71345","144.0","16","122.0","2026-01-06 06:35:21.000000","False"
"-5517330596499719055","135081","1133091","2026-01-06 06:35:20.000000","0","True","2026-01-06 06:35:20.000000","37.720425","55.66039","134.0","20","320.0","2026-01-06 06:35:21.000000","False"
"-5517330596522351856","132430","1012706","2026-01-06 06:35:30.000000","0","True","2026-01-06 06:35:30.000000","37.459923","55.570526","188.0","18","36.0","2026-01-06 06:35:31.000000","False"
"-5517330596503485462","133300","1076894","2026-01-06 06:35:30.000000","0","True","2026-01-06 06:35:30.000000","37.513607","55.738014","149.0","8","66.0","2026-01-06 06:35:31.000000","False"
"-5517330596533538607","133957","1099984","2026-01-06 06:35:30.000000","0","True","2026-01-06 06:35:30.000000","37.49201","55.64474","209.0","22","70.0","2026-01-06 06:35:31.000000","False"
"-5517330596514301216","134040","1105498","2026-01-06 06:35:30.000000","0","True","2026-01-06 06:35:30.000000","37.42269","55.71353","139.0","16","190.0","2026-01-06 06:35:31.000000","False"
"-5517330596499717286","135081","1133091","2026-01-06 06:35:30.000000","0","True","2026-01-06 06:35:30.000000","37.720383","55.660446","0.0","20","0.0","2026-01-06 06:35:31.000000","False"
"-5517330596522346702","132430","1012706","2026-01-06 06:35:40.000000","0","True","2026-01-06 06:35:40.000000","37.459927","55.570534","189.0","18","36.0","2026-01-06 06:35:41.000000","False"
"-5517330596503525181","133300","1076894","2026-01-06 06:35:40.000000","0","True","2026-01-06 06:35:40.000000","37.508488","55.73805","153.0","9","129.0","2026-01-06 06:35:41.000000","False"
"-5517330596533548480","133957","1099984","2026-01-06 06:35:40.000000","0","True","2026-01-06 06:35:40.000000","37.491634","55.644768","209.0","22","139.0","2026-01-06 06:35:41.000000","False"
"-5517330596514301773","134040","1105498","2026-01-06 06:35:40.000000","0","True","2026-01-06 06:35:40.000000","37.42269","55.713543","139.0","16","168.0","2026-01-06 06:35:41.000000","False"
"-5517330596499713612","135081","1133091","2026-01-06 06:35:40.000000","0","True","2026-01-06 06:35:40.000000","37.7203","55.66046","133.0","20","262.0","2026-01-06 06:35:41.000000","False"
"-5517330596522341302","132430","1012706","2026-01-06 06:35:50.000000","0","True","2026-01-06 06:35:50.000000","37.459995","55.57059","189.0","18","30.0","2026-01-06 06:35:51.000000","False"
"-5517330596503477544","133300","1076894","2026-01-06 06:35:50.000000","0","True","2026-01-06 06:35:50.000000","37.51395","55.73808","149.0","10","73.0","2026-01-06 06:35:51.000000","False"
"-5517330596533544301","133957","1099984","2026-01-06 06:35:50.000000","0","True","2026-01-06 06:35:50.000000","37.49188","55.644768","207.0","22","70.0","2026-01-06 06:35:51.000000","False"
"-5517330596514224104","134040","1105498","2026-01-06 06:35:50.000000","0","True","2026-01-06 06:35:50.000000","37.428852","55.71359","144.0","16","125.0","2026-01-06 06:35:51.000000","False"
"-5517330596499642079","135081","1133091","2026-01-06 06:35:50.000000","0","True","2026-01-06 06:35:50.000000","37.71223","55.660492","134.0","20","34.0","2026-01-06 06:35:51.000000","False"
"-5517330596522337513","132430","1012706","2026-01-06 06:36:00.000000","0","True","2026-01-06 06:36:00.000000","37.46031","55.57088","190.0","18","35.0","2026-01-06 06:36:01.000000","False"
"-5517330596503527269","133300","1076894","2026-01-06 06:36:00.000000","0","True","2026-01-06 06:36:00.000000","37.50787","55.73836","149.0","11","129.0","2026-01-06 06:36:01.000000","False"
"-5517330596533538226","133957","1099984","2026-01-06 06:36:00.000000","0","True","2026-01-06 06:36:00.000000","37.49195","55.644775","210.0","22","70.0","2026-01-06 06:36:01.000000","False"
"-5517330596514247487","134040","1105498","2026-01-06 06:36:00.000000","0","True","2026-01-06 06:36:00.000000","37.425667","55.71361","141.0","16","61.0","2026-01-06 06:36:01.000000","False"
"-5517330596499636511","135081","1133091","2026-01-06 06:36:00.000000","0","True","2026-01-06 06:36:00.000000","37.71392","55.661575","128.0","20","43.0","2026-01-06 06:36:01.000000","False"
"-5517330596522336220","132430","1012706","2026-01-06 06:36:10.000000","0","True","2026-01-06 06:36:10.000000","37.460472","55.570995","190.0","18","37.0","2026-01-06 06:36:11.000000","False"
"-5517330596503470541","133300","1076894","2026-01-06 06:36:10.000000","0","True","2026-01-06 06:36:10.000000","37.515415","55.738438","148.0","12","11.0","2026-01-06 06:36:11.000000","False"
"-5517330596533541428","133957","1099984","2026-01-06 06:36:10.000000","0","True","2026-01-06 06:36:10.000000","37.491978","55.644825","208.0","22","70.0","2026-01-06 06:36:11.000000","False"
"-5517330596514309889","134040","1105498","2026-01-06 06:36:10.000000","0","True","2026-01-06 06:36:10.000000","37.422638","55.713734","140.0","16","158.0","2026-01-06 06:36:11.000000","False"
"-5517330596499631012","135081","1133091","2026-01-06 06:36:10.000000","0","True","2026-01-06 06:36:10.000000","37.714943","55.662693","132.0","20","23.0","2026-01-06 06:36:11.000000","False"
"-5517330596522319692","132430","1012706","2026-01-06 06:36:20.000000","0","True","2026-01-06 06:36:20.000000","37.46152","55.57177","192.0","18","36.0","2026-01-06 06:36:21.000000","False"
"-5517330596503693081","133300","1076894","2026-01-06 06:36:20.000000","0","True","2026-01-06 06:36:20.000000","37.47473","55.738453","142.0","8","65.0","2026-01-06 06:36:21.000000","False"
"-5517330596533552470","133957","1099984","2026-01-06 06:36:20.000000","0","True","2026-01-06 06:36:20.000000","37.490993","55.645004","0.0","22","0.0","2026-01-06 06:36:21.000000","False"
"-5517330596514315308","134040","1105498","2026-01-06 06:36:20.000000","0","True","2026-01-06 06:36:20.000000","37.422615","55.71377","0.0","16","0.0","2026-01-06 06:36:21.000000","False"
"-5517330596499625427","135081","1133091","2026-01-06 06:36:20.000000","0","True","2026-01-06 06:36:20.000000","37.716805","55.663406","123.0","20","87.0","2026-01-06 06:36:21.000000","False"
"-5517330596522319583","132430","1012706","2026-01-06 06:36:30.000000","0","True","2026-01-06 06:36:30.000000","37.46188","55.572044","193.0","18","36.0","2026-01-06 06:36:31.000000","False"
"-5517330596503692066","133300","1076894","2026-01-06 06:36:30.000000","0","True","2026-01-06 06:36:30.000000","37.47508","55.73854","143.0","9","66.0","2026-01-06 06:36:31.000000","False"
"-5517330596533556364","133957","1099984","2026-01-06 06:36:30.000000","0","True","2026-01-06 06:36:30.000000","37.48983","55.645454","203.0","22","113.0","2026-01-06 06:36:31.000000","False"
"-5517330596514244812","134040","1105498","2026-01-06 06:36:30.000000","0","True","2026-01-06 06:36:30.000000","37.425976","55.71377","141.0","16","48.0","2026-01-06 06:36:31.000000","False"
"-5517330596499619808","135081","1133091","2026-01-06 06:36:30.000000","0","True","2026-01-06 06:36:30.000000","37.71742","55.663425","126.0","20","78.0","2026-01-06 06:36:31.000000","False"
"-5517330596522319478","132430","1012706","2026-01-06 06:36:40.000000","0","True","2026-01-06 06:36:40.000000","37.46226","55.572334","194.0","18","39.0","2026-01-06 06:36:41.000000","False"
"-5517330596503467913","133300","1076894","2026-01-06 06:36:40.000000","0","True","2026-01-06 06:36:40.000000","37.51527","55.73871","149.0","10","334.0","2026-01-06 06:36:41.000000","False"
"-5517330596533558125","133957","1099984","2026-01-06 06:36:40.000000","0","True","2026-01-06 06:36:40.000000","37.489586","55.645523","201.0","22","110.0","2026-01-06 06:36:41.000000","False"
"-5517330596514228645","134040","1105498","2026-01-06 06:36:40.000000","0","True","2026-01-06 06:36:40.000000","37.428417","55.71378","144.0","16","128.0","2026-01-06 06:36:41.000000","False"
"-5517330596499621677","135081","1133091","2026-01-06 06:36:40.000000","0","True","2026-01-06 06:36:40.000000","37.717422","55.663425","0.0","20","0.0","2026-01-06 06:36:41.000000","False"
"-5517330596522319382","132430","1012706","2026-01-06 06:36:50.000000","0","True","2026-01-06 06:36:50.000000","37.462753","55.572693","195.0","18","35.0","2026-01-06 06:36:51.000000","False"
"-5517330596503465724","133300","1076894","2026-01-06 06:36:50.000000","0","True","2026-01-06 06:36:50.000000","37.515064","55.73902","149.0","11","339.0","2026-01-06 06:36:51.000000","False"
"-5517330596533560524","133957","1099984","2026-01-06 06:36:50.000000","0","True","2026-01-06 06:36:50.000000","37.489407","55.6456","199.0","22","120.0","2026-01-06 06:36:51.000000","False"
"-5517330596514317338","134040","1105498","2026-01-06 06:36:50.000000","0","True","2026-01-06 06:36:50.000000","37.42262","55.713787","139.0","16","192.0","2026-01-06 06:36:51.000000","False"
"-5517330596499614200","135081","1133091","2026-01-06 06:36:50.000000","0","True","2026-01-06 06:36:50.000000","37.71853","55.663685","132.0","20","57.0","2026-01-06 06:36:51.000000","False"
"-5517330596522319271","132430","1012706","2026-01-06 06:37:00.000000","0","True","2026-01-06 06:37:00.000000","37.462914","55.57282","195.0","18","33.0","2026-01-06 06:37:01.000000","False"
"-5517330596503685921","133300","1076894","2026-01-06 06:37:00.000000","0","True","2026-01-06 06:37:00.000000","37.477306","55.739105","142.0","12","65.0","2026-01-06 06:37:01.000000","False"
"-5517330596533563761","133957","1099984","2026-01-06 06:37:00.000000","0","True","2026-01-06 06:37:00.000000","37.488663","55.645874","197.0","22","124.0","2026-01-06 06:37:01.000000","False"
"-5517330596514317919","134040","1105498","2026-01-06 06:37:00.000000","0","True","2026-01-06 06:37:00.000000","37.42267","55.713837","137.0","16","188.0","2026-01-06 06:37:01.000000","False"
"-5517330596499608621","135081","1133091","2026-01-06 06:37:00.000000","0","True","2026-01-06 06:37:00.000000","37.719925","55.66462","129.0","20","36.0","2026-01-06 06:37:01.000000","False"
"-5517330596522319187","132430","1012706","2026-01-06 06:37:10.000000","0","True","2026-01-06 06:37:10.000000","37.46309","55.572968","196.0","18","37.0","2026-01-06 06:37:11.000000","False"
"-5517330596503685363","133300","1076894","2026-01-06 06:37:10.000000","0","True","2026-01-06 06:37:10.000000","37.47767","55.739193","142.0","8","65.0","2026-01-06 06:37:11.000000","False"
"-5517330596533564526","133957","1099984","2026-01-06 06:37:10.000000","0","True","2026-01-06 06:37:10.000000","37.488213","55.646023","196.0","22","125.0","2026-01-06 06:37:11.000000","False"
"-5517330596514241058","134040","1105498","2026-01-06 06:37:10.000000","0","True","2026-01-06 06:37:10.000000","37.426426","55.71394","143.0","16","56.0","2026-01-06 06:37:11.000000","False"
"-5517330596499603128","135081","1133091","2026-01-06 06:37:10.000000","0","True","2026-01-06 06:37:10.000000","37.720436","55.66575","128.0","20","354.0","2026-01-06 06:37:11.000000","False"
"-5517330596522319740","132430","1012706","2026-01-06 06:37:20.000000","0","True","2026-01-06 06:37:20.000000","37.46329","55.573128","197.0","18","36.0","2026-01-06 06:37:21.000000","False"
"-5517330596503531947","133300","1076894","2026-01-06 06:37:20.000000","0","True","2026-01-06 06:37:20.000000","37.50589","55.73923","142.0","9","126.0","2026-01-06 06:37:21.000000","False"
"-5517330596533572644","133957","1099984","2026-01-06 06:37:20.000000","0","True","2026-01-06 06:37:20.000000","37.486168","55.64643","189.0","22","127.0","2026-01-06 06:37:21.000000","False"
"-5517330596514236900","134040","1105498","2026-01-06 06:37:20.000000","0","True","2026-01-06 06:37:20.000000","37.426743","55.714073","143.0","16","55.0","2026-01-06 06:37:21.000000","False"
"-5517330596499597688","135081","1133091","2026-01-06 06:37:20.000000","0","True","2026-01-06 06:37:20.000000","37.720314","55.666203","128.0","20","351.0","2026-01-06 06:37:21.000000","False"
"-5517330596522314789","132430","1012706","2026-01-06 06:37:30.000000","0","True","2026-01-06 06:37:30.000000","37.464073","55.573727","200.0","18","35.0","2026-01-06 06:37:31.000000","False"
"-5517330596503463602","133300","1076894","2026-01-06 06:37:30.000000","0","True","2026-01-06 06:37:30.000000","37.51488","55.739326","149.0","10","342.0","2026-01-06 06:37:31.000000","False"
"-5517330596533568633","133957","1099984","2026-01-06 06:37:30.000000","0","True","2026-01-06 06:37:30.000000","37.48734","55.64643","192.0","22","96.0","2026-01-06 06:37:31.000000","False"
"-5517330596514236748","134040","1105498","2026-01-06 06:37:30.000000","0","True","2026-01-06 06:37:30.000000","37.426918","55.714127","143.0","16","63.0","2026-01-06 06:37:31.000000","False"
"-5517330596499592152","135081","1133091","2026-01-06 06:37:30.000000","0","True","2026-01-06 06:37:30.000000","37.72077","55.666542","125.0","20","56.0","2026-01-06 06:37:31.000000","False"
"-5517330596522313903","132430","1012706","2026-01-06 06:37:40.000000","0","True","2026-01-06 06:37:40.000000","37.46424","55.573864","200.0","18","34.0","2026-01-06 06:37:41.000000","False"
"-5517330596503678849","133300","1076894","2026-01-06 06:37:40.000000","0","True","2026-01-06 06:37:40.000000","37.47995","55.73977","143.0","11","65.0","2026-01-06 06:37:41.000000","False"
"-5517330596533569343","133957","1099984","2026-01-06 06:37:40.000000","0","True","2026-01-06 06:37:40.000000","37.48737","55.646526","191.0","22","75.0","2026-01-06 06:37:41.000000","False"
"-5517330596514325992","134040","1105498","2026-01-06 06:37:40.000000","0","True","2026-01-06 06:37:40.000000","37.42286","55.714535","137.0","16","186.0","2026-01-06 06:37:41.000000","False"
"-5517330596499586342","135081","1133091","2026-01-06 06:37:40.000000","0","True","2026-01-06 06:37:40.000000","37.721367","55.66693","0.0","20","0.0","2026-01-06 06:37:41.000000","False"
"-5517330596522309393","132430","1012706","2026-01-06 06:37:50.000000","0","True","2026-01-06 06:37:50.000000","37.464817","55.57434","202.0","18","33.0","2026-01-06 06:37:51.000000","False"
"-5517330596503628881","133300","1076894","2026-01-06 06:37:50.000000","0","True","2026-01-06 06:37:50.000000","37.483387","55.7399","145.0","12","62.0","2026-01-06 06:37:51.000000","False"
"-5517330596533575005","133957","1099984","2026-01-06 06:37:50.000000","0","True","2026-01-06 06:37:50.000000","37.48555","55.646713","187.0","22","121.0","2026-01-06 06:37:51.000000","False"
"-5517330596514326522","134040","1105498","2026-01-06 06:37:50.000000","0","True","2026-01-06 06:37:50.000000","37.42288","55.714657","136.0","16","187.0","2026-01-06 06:37:51.000000","False"
"-5517330596499586718","135081","1133091","2026-01-06 06:37:50.000000","0","True","2026-01-06 06:37:50.000000","37.72137","55.66693","127.0","20","35.0","2026-01-06 06:37:51.000000","False"
"-5517330596522307051","132430","1012706","2026-01-06 06:38:00.000000","0","True","2026-01-06 06:38:00.000000","37.464928","55.57444","0.0","18","0.0","2026-01-06 06:38:01.000000","False"
"-5517330596503457168","133300","1076894","2026-01-06 06:38:00.000000","0","True","2026-01-06 06:38:00.000000","37.514515","55.739986","149.0","8","339.0","2026-01-06 06:38:01.000000","False"
"-5517330596533580654","133957","1099984","2026-01-06 06:38:00.000000","0","True","2026-01-06 06:38:00.000000","37.484474","55.64712","0.0","22","0.0","2026-01-06 06:38:01.000000","False"
"-5517330596514334056","134040","1105498","2026-01-06 06:38:00.000000","0","True","2026-01-06 06:38:00.000000","37.423035","55.715534","136.0","16","186.0","2026-01-06 06:38:01.000000","False"
"-5517330596499581125","135081","1133091","2026-01-06 06:38:00.000000","0","True","2026-01-06 06:38:00.000000","37.721367","55.66694","127.0","20","35.0","2026-01-06 06:38:01.000000","False"
"-5517330596522298764","132430","1012706","2026-01-06 06:38:10.000000","0","True","2026-01-06 06:38:10.000000","37.464977","55.574482","202.0","18","32.0","2026-01-06 06:38:11.000000","False"
"-5517330596503456564","133300","1076894","2026-01-06 06:38:10.000000","0","True","2026-01-06 06:38:10.000000","37.51444","55.74012","150.0","9","341.0","2026-01-06 06:38:11.000000","False"
"-5517330596533586255","133957","1099984","2026-01-06 06:38:10.000000","0","True","2026-01-06 06:38:10.000000","37.48414","55.647232","179.0","22","139.0","2026-01-06 06:38:11.000000","False"
"-5517330596514534927","134040","1105498","2026-01-06 06:38:10.000000","0","True","2026-01-06 06:38:10.000000","37.402313","55.715942","167.0","16","125.0","2026-01-06 06:38:11.000000","False"
"-5517330596499575575","135081","1133091","2026-01-06 06:38:10.000000","0","True","2026-01-06 06:38:10.000000","37.72165","55.66725","127.0","20","25.0","2026-01-06 06:38:11.000000","False"
"-5517330596522297929","132430","1012706","2026-01-06 06:38:20.000000","0","True","2026-01-06 06:38:20.000000","37.465054","55.574554","202.0","18","31.0","2026-01-06 06:38:21.000000","False"
"-5517330596503536103","133300","1076894","2026-01-06 06:38:20.000000","0","True","2026-01-06 06:38:20.000000","37.503754","55.74014","139.0","10","128.0","2026-01-06 06:38:21.000000","False"
"-5517330596533584973","133957","1099984","2026-01-06 06:38:20.000000","0","True","2026-01-06 06:38:20.000000","37.484142","55.64724","179.0","22","139.0","2026-01-06 06:38:21.000000","False"
"-5517330596514535237","134040","1105498","2026-01-06 06:38:20.000000","0","True","2026-01-06 06:38:20.000000","37.402187","55.71599","0.0","16","0.0","2026-01-06 06:38:21.000000","False"
"-5517330596499570063","135081","1133091","2026-01-06 06:38:20.000000","0","True","2026-01-06 06:38:20.000000","37.722427","55.66837","128.0","20","21.0","2026-01-06 06:38:21.000000","False"
